Department,Job Title,Job Description
Administrative,Secretary Level 1,"Provides administrative support within the Central Division, assisting with scheduling, documentation, and communication tasks."
Administrative,Secretary Level 1,"Provides administrative support within the East Division, assisting with scheduling, documentation, and communication tasks."
Administrative,Secretary Level 1,"Provides administrative support within the North Division, assisting with scheduling, documentation, and communication tasks."
Administrative,Secretary Level 1,"Provides administrative support within the South Division, assisting with scheduling, documentation, and communication tasks."
Administrative,Secretary Level 1,"Provides administrative support within the West Division, assisting with scheduling, documentation, and communication tasks."
Administrative,Secretary Level 2,"Provides administrative support within the Central Division, assisting with scheduling, documentation, and communication tasks."
Administrative,Secretary Level 2,"Provides administrative support within the East Division, assisting with scheduling, documentation, and communication tasks."
Administrative,Secretary Level 2,"Provides administrative support within the North Division, assisting with scheduling, documentation, and communication tasks."
Administrative,Secretary Level 2,"Provides administrative support within the South Division, assisting with scheduling, documentation, and communication tasks."
Administrative,Secretary Level 2,"Provides administrative support within the West Division, assisting with scheduling, documentation, and communication tasks."
Administrative,Secretary Level 3,"Provides administrative support within the Central Division, assisting with scheduling, documentation, and communication tasks."
Administrative,Secretary Level 3,"Provides administrative support within the East Division, assisting with scheduling, documentation, and communication tasks."
Administrative,Secretary Level 3,"Provides administrative support within the North Division, assisting with scheduling, documentation, and communication tasks."
Administrative,Secretary Level 3,"Provides administrative support within the South Division, assisting with scheduling, documentation, and communication tasks."
Administrative,Secretary Level 3,"Provides administrative support within the West Division, assisting with scheduling, documentation, and communication tasks."
Administrative,Secretary Level 4,"Provides administrative support within the Central Division, assisting with scheduling, documentation, and communication tasks."
Administrative,Secretary Level 4,"Provides administrative support within the East Division, assisting with scheduling, documentation, and communication tasks."
Administrative,Secretary Level 4,"Provides administrative support within the North Division, assisting with scheduling, documentation, and communication tasks."
Administrative,Secretary Level 4,"Provides administrative support within the South Division, assisting with scheduling, documentation, and communication tasks."
Administrative,Secretary Level 4,"Provides administrative support within the West Division, assisting with scheduling, documentation, and communication tasks."
Administrative,Secretary Level 5,"Provides administrative support within the Central Division, assisting with scheduling, documentation, and communication tasks."
Administrative,Secretary Level 5,"Provides administrative support within the East Division, assisting with scheduling, documentation, and communication tasks."
Administrative,Secretary Level 5,"Provides administrative support within the North Division, assisting with scheduling, documentation, and communication tasks."
Administrative,Secretary Level 5,"Provides administrative support within the South Division, assisting with scheduling, documentation, and communication tasks."
Administrative,Secretary Level 5,"Provides administrative support within the West Division, assisting with scheduling, documentation, and communication tasks."
Administrative,Secretary Level 6,"Provides administrative support within the Central Division, assisting with scheduling, documentation, and communication tasks."
Administrative,Secretary Level 6,"Provides administrative support within the East Division, assisting with scheduling, documentation, and communication tasks."
Administrative,Secretary Level 6,"Provides administrative support within the North Division, assisting with scheduling, documentation, and communication tasks."
Administrative,Secretary Level 6,"Provides administrative support within the South Division, assisting with scheduling, documentation, and communication tasks."
Administrative,Secretary Level 6,"Provides administrative support within the West Division, assisting with scheduling, documentation, and communication tasks."
Administrative,Secretary Level 7,"Provides administrative support within the Central Division, assisting with scheduling, documentation, and communication tasks."
Administrative,Secretary Level 7,"Provides administrative support within the East Division, assisting with scheduling, documentation, and communication tasks."
Administrative,Secretary Level 7,"Provides administrative support within the North Division, assisting with scheduling, documentation, and communication tasks."
Administrative,Secretary Level 7,"Provides administrative support within the South Division, assisting with scheduling, documentation, and communication tasks."
Administrative,Secretary Level 7,"Provides administrative support within the West Division, assisting with scheduling, documentation, and communication tasks."
Administrative,Secretary Level 8,"Provides administrative support within the Central Division, assisting with scheduling, documentation, and communication tasks."
Administrative,Secretary Level 8,"Provides administrative support within the East Division, assisting with scheduling, documentation, and communication tasks."
Administrative,Secretary Level 8,"Provides administrative support within the North Division, assisting with scheduling, documentation, and communication tasks."
Administrative,Secretary Level 8,"Provides administrative support within the South Division, assisting with scheduling, documentation, and communication tasks."
Administrative,Secretary Level 8,"Provides administrative support within the West Division, assisting with scheduling, documentation, and communication tasks."
Engineering,Engineer Level 1,"Works on technical projects, ensures compliance with safety standards, and provides engineering solutions as Engineer Level 1."
Engineering,Engineer Level 2,"Works on technical projects, ensures compliance with safety standards, and provides engineering solutions as Engineer Level 2."
Engineering,Engineer Level 3,"Works on technical projects, ensures compliance with safety standards, and provides engineering solutions as Engineer Level 3."
Engineering,Engineer Level 4,"Works on technical projects, ensures compliance with safety standards, and provides engineering solutions as Engineer Level 4."
Engineering,Engineer Level 5,"Works on technical projects, ensures compliance with safety standards, and provides engineering solutions as Engineer Level 5."
Engineering,Engineering Manager Level 1,"Leads engineering teams, monitors project progress, and ensures timely delivery as Engineering Manager Level 1."
Engineering,Engineering Manager Level 2,"Leads engineering teams, monitors project progress, and ensures timely delivery as Engineering Manager Level 2."
Engineering,Engineering Manager Level 3,"Leads engineering teams, monitors project progress, and ensures timely delivery as Engineering Manager Level 3."
Engineering,Lead Engineering Manager,"Manages all engineering projects in the Central Division, ensures innovative designs, and leads team development."
Engineering,Lead Engineering Manager,"Manages all engineering projects in the East Division, ensures innovative designs, and leads team development."
Engineering,Lead Engineering Manager,"Manages all engineering projects in the North Division, ensures innovative designs, and leads team development."
Engineering,Lead Engineering Manager,"Manages all engineering projects in the South Division, ensures innovative designs, and leads team development."
Engineering,Lead Engineering Manager,"Manages all engineering projects in the West Division, ensures innovative designs, and leads team development."
Executive,Chief Engineering Officer,"Oversees engineering innovation, ensures the successful delivery of technical projects, and leads research and development efforts."
Executive,Chief Executive Officer,"Leads the organization with strategic vision, oversees all operations, and ensures the company's success through effective decision-making and leadership."
Executive,Chief Information Officer,"Manages IT strategy and infrastructure, ensuring secure, reliable, and innovative technology solutions for the organization."
Executive,Chief Marketing Officer,"Develops comprehensive marketing strategies, oversees campaigns, and enhances brand presence to drive business growth."
Executive,Chief Operations Officer,"Directs day-to-day operations, streamlines processes across all divisions, and ensures alignment with organizational goals."
Human Resources,Human Resources Manager Level 1,"Provides strategic workforce planning, manages employee performance, and oversees HR policies as HR Manager Level 1."
Human Resources,Human Resources Manager Level 2,"Provides strategic workforce planning, manages employee performance, and oversees HR policies as HR Manager Level 2."
Human Resources,Human Resources Manager Level 3,"Provides strategic workforce planning, manages employee performance, and oversees HR policies as HR Manager Level 3."
Human Resources,Human Resources Specialist 1,"Manages recruitment and onboarding, supports employee relations, and maintains compliance with labor laws as Specialist 1."
Human Resources,Human Resources Specialist 2,"Manages recruitment and onboarding, supports employee relations, and maintains compliance with labor laws as Specialist 2."
Human Resources,Human Resources Specialist 3,"Manages recruitment and onboarding, supports employee relations, and maintains compliance with labor laws as Specialist 3."
Human Resources,Human Resources Specialist 4,"Manages recruitment and onboarding, supports employee relations, and maintains compliance with labor laws as Specialist 4."
Human Resources,Human Resources Specialist 5,"Manages recruitment and onboarding, supports employee relations, and maintains compliance with labor laws as Specialist 5."
Human Resources,Lead HR Manager,"Leads all HR initiatives in the division, resolves complex employee issues, and ensures the division adheres to organizational policies."
Management,Division Manager,"Oversees the Central Division operations, sets goals, and ensures alignment with company objectives."
Management,Division Manager,"Oversees the East Division operations, sets goals, and ensures alignment with company objectives."
Management,Division Manager,"Oversees the North Division operations, sets goals, and ensures alignment with company objectives."
Management,Division Manager,"Oversees the South Division operations, sets goals, and ensures alignment with company objectives."
Management,Division Manager,"Oversees the West Division operations, sets goals, and ensures alignment with company objectives."
Operations,Lead Operations Manager,"Oversees all operations within the Central Division, ensures key performance metrics are met, and drives process innovation."
Operations,Lead Operations Manager,"Oversees all operations within the East Division, ensures key performance metrics are met, and drives process innovation."
Operations,Lead Operations Manager,"Oversees all operations within the North Division, ensures key performance metrics are met, and drives process innovation."
Operations,Lead Operations Manager,"Oversees all operations within the South Division, ensures key performance metrics are met, and drives process innovation."
Operations,Lead Operations Manager,"Oversees all operations within the West Division, ensures key performance metrics are met, and drives process innovation."
Operations,Operations Associate Level 1,"Performs production and operational tasks within the Central Division, ensuring quality and efficiency in processes."
Operations,Operations Associate Level 1,"Performs production and operational tasks within the East Division, ensuring quality and efficiency in processes."
Operations,Operations Associate Level 1,"Performs production and operational tasks within the North Division, ensuring quality and efficiency in processes."
Operations,Operations Associate Level 1,"Performs production and operational tasks within the South Division, ensuring quality and efficiency in processes."
Operations,Operations Associate Level 1,"Performs production and operational tasks within the West Division, ensuring quality and efficiency in processes."
Operations,Operations Associate Level 10,"Performs production and operational tasks within the Central Division, ensuring quality and efficiency in processes."
Operations,Operations Associate Level 10,"Performs production and operational tasks within the East Division, ensuring quality and efficiency in processes."
Operations,Operations Associate Level 10,"Performs production and operational tasks within the North Division, ensuring quality and efficiency in processes."
Operations,Operations Associate Level 10,"Performs production and operational tasks within the South Division, ensuring quality and efficiency in processes."
Operations,Operations Associate Level 10,"Performs production and operational tasks within the West Division, ensuring quality and efficiency in processes."
Operations,Operations Associate Level 2,"Performs production and operational tasks within the Central Division, ensuring quality and efficiency in processes."
Operations,Operations Associate Level 2,"Performs production and operational tasks within the East Division, ensuring quality and efficiency in processes."
Operations,Operations Associate Level 2,"Performs production and operational tasks within the North Division, ensuring quality and efficiency in processes."
Operations,Operations Associate Level 2,"Performs production and operational tasks within the South Division, ensuring quality and efficiency in processes."
Operations,Operations Associate Level 2,"Performs production and operational tasks within the West Division, ensuring quality and efficiency in processes."
Operations,Operations Associate Level 3,"Performs production and operational tasks within the Central Division, ensuring quality and efficiency in processes."
Operations,Operations Associate Level 3,"Performs production and operational tasks within the East Division, ensuring quality and efficiency in processes."
Operations,Operations Associate Level 3,"Performs production and operational tasks within the North Division, ensuring quality and efficiency in processes."
Operations,Operations Associate Level 3,"Performs production and operational tasks within the South Division, ensuring quality and efficiency in processes."
Operations,Operations Associate Level 3,"Performs production and operational tasks within the West Division, ensuring quality and efficiency in processes."
Operations,Operations Associate Level 4,"Performs production and operational tasks within the Central Division, ensuring quality and efficiency in processes."
Operations,Operations Associate Level 4,"Performs production and operational tasks within the East Division, ensuring quality and efficiency in processes."
Operations,Operations Associate Level 4,"Performs production and operational tasks within the North Division, ensuring quality and efficiency in processes."
Operations,Operations Associate Level 4,"Performs production and operational tasks within the South Division, ensuring quality and efficiency in processes."
Operations,Operations Associate Level 4,"Performs production and operational tasks within the West Division, ensuring quality and efficiency in processes."
Operations,Operations Associate Level 5,"Performs production and operational tasks within the Central Division, ensuring quality and efficiency in processes."
Operations,Operations Associate Level 5,"Performs production and operational tasks within the East Division, ensuring quality and efficiency in processes."
Operations,Operations Associate Level 5,"Performs production and operational tasks within the North Division, ensuring quality and efficiency in processes."
Operations,Operations Associate Level 5,"Performs production and operational tasks within the South Division, ensuring quality and efficiency in processes."
Operations,Operations Associate Level 5,"Performs production and operational tasks within the West Division, ensuring quality and efficiency in processes."
Operations,Operations Associate Level 6,"Performs production and operational tasks within the Central Division, ensuring quality and efficiency in processes."
Operations,Operations Associate Level 6,"Performs production and operational tasks within the East Division, ensuring quality and efficiency in processes."
Operations,Operations Associate Level 6,"Performs production and operational tasks within the North Division, ensuring quality and efficiency in processes."
Operations,Operations Associate Level 6,"Performs production and operational tasks within the South Division, ensuring quality and efficiency in processes."
Operations,Operations Associate Level 6,"Performs production and operational tasks within the West Division, ensuring quality and efficiency in processes."
Operations,Operations Associate Level 7,"Performs production and operational tasks within the Central Division, ensuring quality and efficiency in processes."
Operations,Operations Associate Level 7,"Performs production and operational tasks within the East Division, ensuring quality and efficiency in processes."
Operations,Operations Associate Level 7,"Performs production and operational tasks within the North Division, ensuring quality and efficiency in processes."
Operations,Operations Associate Level 7,"Performs production and operational tasks within the South Division, ensuring quality and efficiency in processes."
Operations,Operations Associate Level 7,"Performs production and operational tasks within the West Division, ensuring quality and efficiency in processes."
Operations,Operations Associate Level 8,"Performs production and operational tasks within the Central Division, ensuring quality and efficiency in processes."
Operations,Operations Associate Level 8,"Performs production and operational tasks within the East Division, ensuring quality and efficiency in processes."
Operations,Operations Associate Level 8,"Performs production and operational tasks within the North Division, ensuring quality and efficiency in processes."
Operations,Operations Associate Level 8,"Performs production and operational tasks within the South Division, ensuring quality and efficiency in processes."
Operations,Operations Associate Level 8,"Performs production and operational tasks within the West Division, ensuring quality and efficiency in processes."
Operations,Operations Associate Level 9,"Performs production and operational tasks within the Central Division, ensuring quality and efficiency in processes."
Operations,Operations Associate Level 9,"Performs production and operational tasks within the East Division, ensuring quality and efficiency in processes."
Operations,Operations Associate Level 9,"Performs production and operational tasks within the North Division, ensuring quality and efficiency in processes."
Operations,Operations Associate Level 9,"Performs production and operational tasks within the South Division, ensuring quality and efficiency in processes."
Operations,Operations Associate Level 9,"Performs production and operational tasks within the West Division, ensuring quality and efficiency in processes."
Operations,Operations Lead Level 1,"Ensures smooth daily operations, manages resource allocation, and resolves workflow challenges as Operations Lead Level 1."
Operations,Operations Lead Level 2,"Ensures smooth daily operations, manages resource allocation, and resolves workflow challenges as Operations Lead Level 2."
Operations,Operations Lead Level 3,"Ensures smooth daily operations, manages resource allocation, and resolves workflow challenges as Operations Lead Level 3."
Operations,Operations Lead Level 4,"Ensures smooth daily operations, manages resource allocation, and resolves workflow challenges as Operations Lead Level 4."
Operations,Operations Lead Level 5,"Ensures smooth daily operations, manages resource allocation, and resolves workflow challenges as Operations Lead Level 5."
Operations,Operations Manager Level 1,"Leads teams to improve performance, manages operational costs, and implements process optimizations as Operations Manager Level 1."
Operations,Operations Manager Level 2,"Leads teams to improve performance, manages operational costs, and implements process optimizations as Operations Manager Level 2."
Operations,Operations Manager Level 3,"Leads teams to improve performance, manages operational costs, and implements process optimizations as Operations Manager Level 3."
